
<users>
    <user>
		<id>110</id>
		<name>Benjamin</name>
		<department>Business</department>
	</user>
	<user>
		<id>120</id>
		<name>Jackson</name>
		<department>Accounts</department>
	</user>
	<user>
		<id>130</id>
		<name>Scarlett</name>
		<department>Support</department>
	</user>
	<user>
		<id>140</id>
		<name>Hudson</name>
		<department>Maintainance</department>
	</user>
	<user>
		<id>150</id>
		<name>Stella</name>
		<department>Support</department>
	</user>
</users>